waterbody,lake_group,quad,site,type,sampleID,date,time,year,month,ammonia,ammonia_cen,NO2NO3,NO2NO3_cen,TN,TN_cen,orthoP,orthoP_cen,TP,TP_cen,alk,alk_cen,TN:TP,TN:TP_cen,chla,chla_cen,secchi,secchi_cen,doc,doc_cen,temp,pH,cond,do,do_pct,sample_depth,total_depth
Brooks Lake,Brooks Lake,Outlet (S),Outlet Quad,surface,VES-21-166-3,6/15/21,10:10,2021,June,0.05,TRUE,0.11,FALSE,0.3,FALSE,0.06,FALSE,0.09,FALSE,29,FALSE,3.33,FALSE,0.8,FALSE,2,FALSE,,,9.96,6.57,51.99,6.21,76.01,0.5,14.3
Brooks Lake,Brooks Lake,Outlet (B),Outlet Quad,bottom,VES-21-166-4,6/15/21,10:25,2021,June,0.15,FALSE,0.11,FALSE,0.4,FALSE,0.07,FALSE,0.1,FALSE,29,FALSE,4,FALSE,,,,,,,4.55,6.73,53.6,3.02,32.14,13,14.3
Brooks Lake,Brooks Lake,NE (S),NE Quad,surface,VES-21-166-5,6/15/21,11:05,2021,June,0.08,FALSE,0.11,FALSE,0.4,FALSE,0.06,FALSE,0.08,FALSE,28,FALSE,5,FALSE,1.2,FALSE,1.97,FALSE,,,9.51,7.16,51.59,6.21,75.1,0.5,12
Brooks Lake,Brooks Lake,NE (B),NE Quad,bottom,VES-21-166-6,6/15/21,11:15,2021,June,0.11,FALSE,0.11,FALSE,0.3,FALSE,0.07,FALSE,0.09,FALSE,28,FALSE,3.33,FALSE,,,,,,,4.82,6.76,52.7,3.96,42.64,11.5,12
Brooks Lake,Brooks Lake,Deepest (S),Deepest,surface,VES-21-166-7,6/15/21,12:15,2021,June,0.07,FALSE,0.11,FALSE,0.3,FALSE,0.06,FALSE,0.09,FALSE,28,FALSE,3.33,FALSE,1.5,FALSE,1.69,FALSE,,,8.77,7.02,51.46,6.26,74.33,0.5,16.5
Brooks Lake,Brooks Lake,Deepest (B),Deepest,bottom,VES-21-166-8,6/15/21,12:25,2021,June,0.16,FALSE,0.11,FALSE,0.4,FALSE,0.08,FALSE,0.12,FALSE,29,FALSE,3.33,FALSE,,,,,,,4.54,6.4,53.48,2.82,30.32,15.5,16.5
Brooks Lake,Brooks Lake,NW (S),NW Quad,surface,VES-21-166-9,6/15/21,13:15,2021,June,0.07,FALSE,0.11,FALSE,0.3,FALSE,0.06,FALSE,0.09,FALSE,28,FALSE,3.33,FALSE,2.3,FALSE,1.67,FALSE,,,9.37,7.16,62.17,6.23,74.96,0.5,10
Brooks Lake,Brooks Lake,NW (B),NW Quad,bottom,VES-21-166-11,6/15/21,13:30,2021,June,0.12,FALSE,0.11,FALSE,0.3,FALSE,0.06,FALSE,0.1,FALSE,28,FALSE,3,FALSE,,,,,,,5.07,6.74,52.17,4.11,44.21,10,10
Brooks Lake,Brooks Lake,SW (S),SW Quad,surface,VES-21-166-12,6/15/21,14:15,2021,June,0.08,FALSE,0.11,FALSE,0.4,FALSE,0.06,FALSE,0.09,FALSE,28,FALSE,4.44,FALSE,2.5,FALSE,1.99,FALSE,,,6.99,6.81,51.76,5.53,62.64,0.5,10
Brooks Lake,Brooks Lake,SW (B),SW Quad,bottom,VES-21-166-13,6/15/21,14:20,2021,June,0.13,FALSE,0.11,FALSE,0.3,FALSE,0.07,FALSE,0.1,FALSE,29,FALSE,3,FALSE,,,,,,,5.02,6.91,52.7,3.69,40.36,9,10
Brooks Lake,Brooks Lake,SW (S),SW Quad,surface,VES-21-201-4,7/20/21,8:15,2021,July,0.05,TRUE,0.05,TRUE,0.1,TRUE,0.01,TRUE,0.02,FALSE,31,FALSE,5,TRUE,,,3.24,FALSE,,,16.95,9.4,58.34,8.8,125.8,0.5,6.5
Brooks Lake,Brooks Lake,SW (B),SW Quad,bottom,VES-21-201-5,7/20/21,8:30,2021,July,0.05,TRUE,0.05,TRUE,0.2,FALSE,0.05,FALSE,0.07,FALSE,29,FALSE,2.86,FALSE,,,,,,,6.89,6.94,51.32,1.65,17.79,6,6.5
Brooks Lake,Brooks Lake,NW (S),NW Quad,surface,VES-21-201-6,7/20/21,9:05,2021,July,0.05,TRUE,0.05,TRUE,0.1,FALSE,0.01,TRUE,0.01,FALSE,31,FALSE,10,FALSE,,,3.66,FALSE,,,17,9.66,58.21,8.79,125.7,0.5,11
Brooks Lake,Brooks Lake,NW (B),NW Quad,bottom,VES-21-201-7,7/20/21,9:10,2021,July,0.31,FALSE,0.05,TRUE,0.5,FALSE,0.19,FALSE,0.24,FALSE,30,FALSE,2.08,FALSE,,,,,,,4.95,6.26,57.16,0.03,0.27,11,11
Brooks Lake,Brooks Lake,Deepest (S),Deepest,surface,VES-21-201-8,7/20/21,9:45,2021,July,0.05,TRUE,0.05,TRUE,0.1,TRUE,0.01,TRUE,0.01,FALSE,31,FALSE,10,TRUE,,,4.29,FALSE,,,17.06,9.7,58.01,8.84,126.71,0.5,15
Brooks Lake,Brooks Lake,Deepest (B),Deepest,bottom,VES-21-201-10,7/20/21,10:00,2021,July,0.52,FALSE,0.05,TRUE,0.7,FALSE,0.29,FALSE,0.36,FALSE,31,FALSE,1.94,FALSE,,,,,,,4.79,6.22,55.89,0.01,0.07,15,15
Brooks Lake,Brooks Lake,NE (S),NE Quad,surface,VES-21-201-11,7/20/21,10:30,2021,July,0.05,TRUE,0.05,TRUE,0.1,TRUE,0.01,TRUE,0.01,FALSE,31,FALSE,10,TRUE,,,3.94,FALSE,,,16.92,9.7,58,8.95,127.71,0.5,12
Brooks Lake,Brooks Lake,NE (B),NE Quad,bottom,VES-21-201-12,7/20/21,10:40,2021,July,0.23,FALSE,0.07,FALSE,0.4,FALSE,0.14,FALSE,0.18,FALSE,30,FALSE,2.22,FALSE,,,,,,,5.02,6.28,55.21,0.02,0.19,11,12
Brooks Lake,Brooks Lake,Outlet (S),Outlet Quad,surface,VES-21-201-13,7/20/21,11:10,2021,July,0.05,TRUE,0.05,TRUE,0.1,TRUE,0.01,TRUE,0.01,FALSE,31,FALSE,10,TRUE,,,3.53,FALSE,,,17.18,9.74,58.18,8.92,128.16,0.5,13.4
Brooks Lake,Brooks Lake,Outlet (B),Outlet Quad,bottom,VES-21-201-14,7/20/21,11:15,2021,July,0.15,FALSE,0.08,FALSE,0.4,FALSE,0.13,FALSE,0.17,FALSE,29,FALSE,2.35,FALSE,,,,,,,5.47,6.3,52.68,0.06,0.66,12,13.4
Brooks Lake,Brooks Lake,SW (S),SW Quad,surface,VES-21-236-1,8/24/21,8:10,2021,August,0.05,TRUE,0.05,TRUE,0.2,FALSE,0.01,TRUE,0.01,TRUE,33,FALSE,>20,TRUE,45,FALSE,1.98,FALSE,,,12.56,9.68,58.86,8.12,106.11,0.5,6.5
Brooks Lake,Brooks Lake,SW (B),SW Quad,bottom,VES-21-236-2,8/24/21,8:20,2021,August,0.05,TRUE,0.05,TRUE,0.2,FALSE,0.01,TRUE,0.01,FALSE,33,FALSE,20,FALSE,,,,,,,12.12,9.6,58.87,7.66,97.86,6,6.5
Brooks Lake,Brooks Lake,NW (S),NW Quad,surface,VES-21-236-3,8/24/21,8:45,2021,August,0.05,TRUE,0.05,TRUE,0.2,FALSE,0.01,TRUE,0.01,TRUE,33,FALSE,>20,TRUE,47,FALSE,1.71,FALSE,,,12.51,9.69,58.83,8.06,105.25,0.5,11.3
Brooks Lake,Brooks Lake,NW (B),NW Quad,bottom,VES-21-236-4,8/24/21,8:50,2021,August,0.47,FALSE,0.05,TRUE,0.6,FALSE,0.26,FALSE,0.27,FALSE,31,FALSE,2.22,FALSE,,,,,,,5.6,6.38,58.25,0.01,0.07,10.5,11.3
Brooks Lake,Brooks Lake,Deepest (S),Deepest,surface,VES-21-236-5,8/24/21,9:30,2021,August,0.05,TRUE,0.05,TRUE,0.2,FALSE,0.01,TRUE,0.01,TRUE,33,FALSE,>20,TRUE,50,FALSE,1.82,FALSE,,,12.73,9.72,58.84,8.23,108.11,0.5,16.2
Brooks Lake,Brooks Lake,Deepest (B),Deepest,bottom,VES-21-236-7,8/24/21,9:40,2021,August,1.34,FALSE,0.05,TRUE,1.6,FALSE,0.55,FALSE,0.6,FALSE,34,FALSE,2.67,FALSE,,,,,,,4.98,6.21,74.01,0.01,0.09,15,16.2
Brooks Lake,Brooks Lake,NE (S),NE Quad,surface,VES-21-236-8,8/24/21,10:15,2021,August,0.05,TRUE,0.05,TRUE,0.2,FALSE,0.01,TRUE,0.01,TRUE,33,FALSE,>20,TRUE,52,FALSE,1.81,FALSE,,,12.87,9.73,58.93,8.27,108.67,0.5,12.4
Brooks Lake,Brooks Lake,NE (B),NE Quad,bottom,VES-21-236-9,8/24/21,10:25,2021,August,0.05,TRUE,0.05,TRUE,0.4,FALSE,0.19,FALSE,0.2,FALSE,30,FALSE,2,FALSE,,,,,,,5.71,6.4,57.83,0,0.02,12,12.4
Brooks Lake,Brooks Lake,Outlet (S),Outlet Quad,surface,VES-21-236-10,8/24/21,10:55,2021,August,0.05,TRUE,0.05,TRUE,0.2,FALSE,0.01,TRUE,0.01,TRUE,33,FALSE,>20,TRUE,42,FALSE,1.68,FALSE,,,12.89,9.71,58.87,8.25,108.38,0.5,9.79
Brooks Lake,Brooks Lake,Outlet (B),Outlet Quad,bottom,VES-21-236-11,8/24/21,11:05,2021,August,0.26,FALSE,0.05,TRUE,0.4,FALSE,0.16,FALSE,0.17,FALSE,31,FALSE,2.35,FALSE,,,,,,,6.4,6.56,56.54,0.02,0.2,9,9.79
Brooks Lake,Brooks Lake,Outlet (S),Outlet Quad,surface,VES-21-264-1,9/21/21,9:20,2021,September,0.05,TRUE,0.05,TRUE,0.2,FALSE,0.01,TRUE,0.02,FALSE,34,FALSE,10,FALSE,,,1.83,FALSE,,,9.91,9.62,70.12,8.66,105.24,0.5,9
Brooks Lake,Brooks Lake,Outlet (B),Outlet Quad,bottom,VES-21-264-2,9/21/21,9:30,2021,September,0.17,FALSE,0.05,TRUE,0.3,FALSE,0.04,FALSE,0.05,FALSE,33,FALSE,6,FALSE,,,,,,,8.72,7.87,67.26,2.64,29.24,9,10
Brooks Lake,Brooks Lake,Deepest (S),Deepest,surface,VES-21-264-3,9/21/21,10:05,2021,September,0.05,TRUE,0.05,TRUE,0.2,FALSE,0.01,TRUE,0.02,FALSE,34,FALSE,10,FALSE,,,2.25,FALSE,,,10.04,9.65,69.89,8.64,105.27,0.5,14.5
Brooks Lake,Brooks Lake,Deepest (B),Deepest,bottom,VES-21-264-4,9/21/21,10:15,2021,September,1,FALSE,0.05,TRUE,1,FALSE,0.38,FALSE,0.42,FALSE,34,FALSE,2.38,FALSE,,,,,,,5.7,6.43,78.39,0.01,0.17,14,14.5
Brooks Lake,Brooks Lake,NW (S),NW Quad,surface,VES-21-264-5,9/21/21,10:45,2021,September,0.05,TRUE,0.05,TRUE,0.2,FALSE,0.01,TRUE,0.02,FALSE,34,FALSE,10,FALSE,,,1.74,FALSE,,,10.03,9.76,69.93,8.73,106.38,0.5,11.5
Brooks Lake,Brooks Lake,NW (B),NW Quad,bottom,VES-21-264-6,9/21/21,10:55,2021,September,0.69,FALSE,0.05,TRUE,0.8,FALSE,0.28,FALSE,0.3,FALSE,33,FALSE,2.67,FALSE,,,,,,,6.15,6.55,73.4,0.03,0.36,11,11.5
Brooks Lake,Brooks Lake,NE (S),NE Quad,surface,VES-21-264-7,9/21/21,11:25,2021,September,0.05,TRUE,0.05,TRUE,0.2,FALSE,0.01,TRUE,0.02,FALSE,34,FALSE,10,FALSE,,,1.81,FALSE,,,9.98,9.72,70.26,8.97,109.3,0.5,12
Brooks Lake,Brooks Lake,NE (B),NE Quad,bottom,VES-21-264-8,9/21/21,11:35,2021,September,0.81,FALSE,0.05,TRUE,0.8,FALSE,0.33,FALSE,0.33,FALSE,34,FALSE,2.42,FALSE,,,,,,,5.91,6.5,75.77,0.01,0.17,12,12
Brooks Lake,Brooks Lake,SW (S),SW Quad,surface,VES-21-264-9,9/21/21,12:15,2021,September,0.05,TRUE,0.05,TRUE,0.2,FALSE,0.01,TRUE,0.02,FALSE,34,FALSE,10,FALSE,,,2.11,FALSE,,,10.11,9.71,67.65,8.61,105.11,0.5,5.5
Brooks Lake,Brooks Lake,SW (B),SW Quad,bottom,VES-21-264-11,9/21/21,12:25,2021,September,0.05,TRUE,0.05,TRUE,0.2,FALSE,0.01,TRUE,0.02,FALSE,34,FALSE,10,FALSE,,,,,,,10,9.74,68.6,8.54,103.92,4,5.5
Brooks Lake,Brooks Lake,Outlet (S),Outlet Quad,surface,VES-21-293-1,10/20/21,10:55,2021,October,0.27,FALSE,0.05,TRUE,0.4,FALSE,0.06,FALSE,0.1,FALSE,35,FALSE,4,FALSE,15,FALSE,2.49,FALSE,,,5.15,7.56,88.69,7.56,82.58,0.5,15.5
Brooks Lake,Brooks Lake,Outlet (B),Outlet Quad,bottom,VES-21-293-2,10/20/21,11:05,2021,October,0.34,FALSE,0.05,TRUE,0.5,FALSE,0.07,FALSE,0.12,FALSE,35,FALSE,4.17,FALSE,,,,,,,5.04,6.98,90.29,6.15,66.92,15,15.5
Brooks Lake,Brooks Lake,Deepest (S),Deepest,surface,VES-21-293-3,10/20/21,11:35,2021,October,0.26,FALSE,0.05,TRUE,0.4,FALSE,0.06,FALSE,0.1,FALSE,34,FALSE,4,FALSE,17,FALSE,3.02,FALSE,,,5.33,7.31,88.43,7.83,85.85,0.5,16.1
Brooks Lake,Brooks Lake,Deepest (B),Deepest,bottom,VES-21-293-4,10/20/21,11:45,2021,October,0.32,FALSE,0.05,TRUE,0.4,FALSE,0.07,FALSE,0.12,FALSE,35,FALSE,3.33,FALSE,,,,,,,5.06,7.12,89.83,6.07,65.9,15.5,16.1
Brooks Lake,Brooks Lake,NW (S),NW Quad,surface,VES-21-293-5,10/20/21,12:20,2021,October,0.26,FALSE,0.05,TRUE,0.4,FALSE,0.06,FALSE,0.1,FALSE,34,FALSE,4,FALSE,6.9,FALSE,2.72,FALSE,,,5.27,7.42,88.41,7.71,84.32,0.5,11
Brooks Lake,Brooks Lake,NW (B),NW Quad,bottom,VES-21-293-6,10/20/21,12:30,2021,October,0.27,FALSE,0.05,TRUE,0.4,FALSE,0.06,FALSE,0.1,FALSE,35,FALSE,4,FALSE,,,,,,,5.06,7.43,89.29,7.47,81.41,10.5,11
Brooks Lake,Brooks Lake,Outlet (S),Outlet Quad,surface,MJW-20-175-2,6/23/20,10:50,2020,June,0.05,TRUE,0.05,TRUE,0.1,FALSE,,,0.08,FALSE,27,FALSE,1.25,FALSE,24.2,FALSE,1.65,FALSE,,,8.28,7.99,49.2,10.59,10.59,0.5,7
Brooks Lake,Brooks Lake,Outlet (B),Outlet Quad,bottom,MJW-20-175-3,6/23/20,11:25,2020,June,0.05,TRUE,0.05,TRUE,0.16,FALSE,,,0.09,FALSE,27,FALSE,1.78,FALSE,,,,,,,6.4,7.22,49.9,7.56,82.7,6,7
Brooks Lake,Brooks Lake,NE (S),NE Quad,surface,MJW-20-175-4,6/23/20,11:57,2020,June,0.05,TRUE,0.05,TRUE,0.22,FALSE,,,0.08,FALSE,27,FALSE,2.75,FALSE,15.5,FALSE,1.83,FALSE,,,7.22,7.26,50.4,8.79,100.2,0.5,11.6
Brooks Lake,Brooks Lake,NE (B),NE Quad,bottom,MJW20-175-5,6/23/20,12:22,2020,June,0.1,FALSE,0.051,FALSE,0.41,FALSE,,,0.1,FALSE,27,FALSE,4.1,FALSE,,,,,,,4.88,6.74,50.5,5.79,62.4,11,11.6
Brooks Lake,Brooks Lake,NW (S),NW Quad,surface,MJW-20-175-6,6/23/20,12:40,2020,June,0.05,TRUE,0.05,TRUE,0.27,FALSE,,,0.09,FALSE,27,FALSE,3,FALSE,18.1,FALSE,1.7,FALSE,,,6.88,7.27,49.6,8.72,98.7,0.5,11
Brooks Lake,Brooks Lake,NW (B),NW Quad,bottom,MJW-20-175-7,6/23/20,13:01,2020,June,0.092,FALSE,0.05,TRUE,0.38,FALSE,,,0.1,FALSE,27,FALSE,3.8,FALSE,,,,,,,5.3,6.87,50.4,6.39,69.5,9,11
Brooks Lake,Brooks Lake,SW (S),SW Quad,surface,MJW-20-175-8,6/23/20,13:16,2020,June,0.05,TRUE,0.05,TRUE,0.24,FALSE,,,0.08,FALSE,27,FALSE,3,FALSE,24.6,FALSE,1.47,FALSE,,,8.1,7.66,49.5,10.1,118,0.5,7
Brooks Lake,Brooks Lake,SW (B),SW Quad,bottom,MJW-20-175-9,6/23/20,13:38,2020,June,0.05,TRUE,0.05,TRUE,0.24,FALSE,,,0.08,FALSE,27,FALSE,3,FALSE,,,,,,,5.77,7.09,50.3,7.45,80.9,5,7
Brooks Lake,Brooks Lake,Deepest (S),Deepest,surface,MJW-20-175-10,6/23/20,13:58,2020,June,0.05,TRUE,0.05,TRUE,0.2,FALSE,,,0.09,FALSE,27,FALSE,2.22,FALSE,20.1,FALSE,1.8,FALSE,,,7.76,7.45,49.9,9.54,111,0.5,16.8
Brooks Lake,Brooks Lake,Deepest (B),Deepest,bottom,MJW-20-175-12,6/23/20,14:33,2020,June,0.15,FALSE,0.057,FALSE,0.35,FALSE,,,0.11,FALSE,27,FALSE,3.18,FALSE,,,,,,,4.56,6.76,51.5,5.06,53.8,15,16.8
Brooks Lake,Brooks Lake,Outlet (S),Outlet Quad,surface,MJW-20-203-2,7/21/20,7:45,2020,July,0.05,TRUE,0.05,TRUE,0.15,FALSE,,,0.04,FALSE,30,FALSE,3.75,FALSE,1.17,FALSE,4.65,FALSE,,,15.07,8.8,53.89,8.4,115.48,0.5,13
Brooks Lake,Brooks Lake,Outlet (B),Outlet Quad,bottom,MJW-20-203-3,7/21/20,8:27,2020,July,0.05,TRUE,0.05,TRUE,0.13,FALSE,,,0.12,FALSE,27,FALSE,1.08,FALSE,,,,,,,6.27,8.71,49.37,2.96,32.35,12,13
Brooks Lake,Brooks Lake,NE (S),NE Quad,surface,MJW-20-203-4,7/21/20,8:50,2020,July,0.05,TRUE,0.05,TRUE,0.1,TRUE,,,0.04,FALSE,30,FALSE,2.5,TRUE,1.23,FALSE,5,FALSE,,,15.13,8.82,54.14,8.38,115.46,0.5,12
Brooks Lake,Brooks Lake,NE (B),NE Quad,bottom,MJW-20-203-6,7/21/20,9:30,2020,July,0.05,TRUE,0.05,TRUE,0.25,FALSE,,,0.12,FALSE,27,FALSE,2.08,FALSE,,,,,,,6.13,8.13,49.27,3.26,36.16,10,12
Brooks Lake,Brooks Lake,NW (S),NW Quad,surface,MJW-20-203-7,7/21/20,9:50,2020,July,0.05,TRUE,0.05,TRUE,0.18,FALSE,,,0.04,FALSE,30,FALSE,4.5,FALSE,1.48,FALSE,3.22,FALSE,,,15.14,8.84,54.24,8.47,116.9,0.5,11
Brooks Lake,Brooks Lake,NW (B),NW Quad,bottom,MJW-20-203-8,7/21/20,10:10,2020,July,0.05,TRUE,0.05,TRUE,0.17,FALSE,,,0.1,FALSE,27,FALSE,1.7,FALSE,,,,,,,6.69,8.13,49.35,3.87,43.7,10,11
Brooks Lake,Brooks Lake,SW (S),SW Quad,surface,MJW-20-203-9,7/21/20,10:35,2020,July,0.05,TRUE,0.05,TRUE,0.15,FALSE,,,0.04,FALSE,30,FALSE,3.75,FALSE,1.35,FALSE,5,FALSE,,,15.71,8.84,53.98,8.32,116.21,0.5,7
Brooks Lake,Brooks Lake,SW (B),SW Quad,bottom,MJW-20-203-11,7/21/20,11:04,2020,July,0.05,TRUE,0.05,TRUE,0.12,FALSE,,,0.05,FALSE,28,FALSE,2.4,FALSE,,,,,,,8.66,7.51,49.12,8.48,100.81,6,7
Brooks Lake,Brooks Lake,Deepest (S),Deepest,surface,MJW-20-203-12,7/21/20,11:25,2020,July,0.05,TRUE,0.05,TRUE,0.1,TRUE,,,0.04,FALSE,30,FALSE,2.5,TRUE,1.14,FALSE,4.13,FALSE,,,15.65,8.83,51.8,8.4,117.18,0.5,16
Brooks Lake,Brooks Lake,Deepest (B),Deepest,bottom,MJW-20-203-13,7/21/20,11:50,2020,July,0.55,FALSE,0.05,TRUE,0.7,FALSE,,,0.5,FALSE,30,FALSE,1.4,FALSE,,,,,,,5.33,8.77,59.81,0.01,0.09,16,16
Brooks Lake,Brooks Lake,SW (S),SW Quad,surface,MJW-20-238-2,8/25/20,10:18,2020,August,0.05,TRUE,0.05,TRUE,0.15,FALSE,,,0.02,FALSE,31,FALSE,7.5,FALSE,8.13,FALSE,2.46,FALSE,,,15.87,9.78,66.23,9.83,137.45,0.5,7.6
Brooks Lake,Brooks Lake,SW (B),SW Quad,bottom,MJW-20-238-3,8/25/20,10:40,2020,August,0.05,TRUE,0.05,TRUE,0.21,FALSE,,,0.08,FALSE,29,FALSE,2.63,FALSE,,,,,,,10.94,8.47,56.32,6.7,82.93,7,7.6
Brooks Lake,Brooks Lake,NW (S),NW Quad,surface,MJW-20-238-4,8/25/20,11:05,2020,August,0.05,TRUE,0.05,TRUE,0.12,FALSE,,,0.02,FALSE,31,FALSE,6,FALSE,7.14,FALSE,2.41,FALSE,,,15.84,9.71,66.13,9.84,137.74,0.5,10.7
Brooks Lake,Brooks Lake,NW (B),NW Quad,bottom,MJW-20-238-6,8/25/20,11:50,2020,August,0.15,FALSE,0.05,TRUE,0.64,FALSE,,,0.18,FALSE,26,FALSE,3.56,FALSE,,,,,,,6.75,8.03,55.36,0.01,0.07,9,10.7
Brooks Lake,Brooks Lake,NE (S),NE Quad,surface,MJW-20-238-7,8/25/20,12:15,2020,August,0.05,TRUE,0.05,TRUE,0.19,FALSE,,,0.02,FALSE,31,FALSE,9.5,FALSE,7.52,FALSE,2.41,FALSE,,,16.08,9.8,66.04,9.87,138.8,0.5,13.4
Brooks Lake,Brooks Lake,NE (B),NE Quad,bottom,MJW-20-238-8,8/25/20,12:25,2020,August,0.42,FALSE,0.05,TRUE,0.54,FALSE,,,0.36,FALSE,27,FALSE,1.5,FALSE,,,,,,,6.09,8.35,58.5,0,0,13,13.4
Brooks Lake,Brooks Lake,Outlet (S),Outlet Quad,surface,MJW-20-238-9,8/25/20,13:00,2020,August,0.05,TRUE,0.05,TRUE,0.19,FALSE,,,0.02,FALSE,31,FALSE,9.5,FALSE,6.87,FALSE,2.19,FALSE,,,16.53,9.81,66.4,9.87,140,0.5,8
Brooks Lake,Brooks Lake,Outlet (B),Outlet Quad,bottom,MJW-20-238-10,8/25/20,13:25,2020,August,0.05,TRUE,0.05,TRUE,0.15,FALSE,,,0.09,FALSE,28,FALSE,1.67,FALSE,,,,,,,10.5,7.73,55.72,6.13,55.57,7,8
Brooks Lake,Brooks Lake,Deepest (S),Deepest,surface,MJW-20-238-11,8/25/20,13:50,2020,August,0.05,TRUE,0.05,TRUE,0.1,FALSE,,,0.02,FALSE,31,FALSE,5,FALSE,6.52,FALSE,2.43,FALSE,,,16.2,9.84,66.12,9.9,139.66,0.5,16.5
Brooks Lake,Brooks Lake,Deepest (B),Deepest,bottom,MJW-20-238-12,8/25/20,14:45,2020,August,0.8,FALSE,0.05,TRUE,1.01,FALSE,,,0.53,FALSE,28,FALSE,1.91,FALSE,,,,,,,5.64,8.56,65.28,0,0,15,16.5
Brooks Lake,Brooks Lake,SW (S),SW Quad,surface,MJW-20-266-2,9/22/20,9:35,2020,September,0.05,TRUE,0.05,TRUE,0.29,FALSE,0.01,TRUE,0.03,FALSE,33,FALSE,9.67,FALSE,33.2,FALSE,1.91,FALSE,,,10.37,10.03,75.93,10.97,135.64,0.5,8
Brooks Lake,Brooks Lake,SW (B),SW Quad,bottom,MJW-20-266-3,9/22/20,10:08,2020,September,0.05,TRUE,0.05,TRUE,0.29,FALSE,0.011,FALSE,0.03,FALSE,33,FALSE,9.67,FALSE,,,,,,,9.63,10.51,70.31,9.66,117.21,7,8
Brooks Lake,Brooks Lake,NW (S),NW Quad,surface,MJW-20-266-4,9/22/20,10:30,2020,September,0.05,TRUE,0.05,TRUE,0.28,FALSE,0.01,TRUE,0.02,FALSE,33,FALSE,14,FALSE,66.9,FALSE,1.91,FALSE,,,10.32,10.09,76.23,11.27,138.9,0.5,11
Brooks Lake,Brooks Lake,NW (B),NW Quad,bottom,MJW-20-266-5,9/22/20,11:00,2020,September,0.21,FALSE,0.05,TRUE,0.46,FALSE,0.106,FALSE,0.13,FALSE,33,FALSE,3.54,FALSE,,,,,,,8.54,8.52,68.56,0.03,0.35,10,11
Brooks Lake,Brooks Lake,NE (S),NE Quad,surface,MJW-20-266-6,9/22/20,11:30,2020,September,0.05,TRUE,0.05,TRUE,0.36,FALSE,0.01,TRUE,0.03,FALSE,33,FALSE,12,FALSE,63.2,FALSE,1.36,FALSE,,,10.43,10.16,73.77,11.48,142.08,0.5,12.5
Brooks Lake,Brooks Lake,NE (B),NE Quad,bottom,MJW-20-266-7,9/22/20,11:55,2020,September,0.51,FALSE,0.05,TRUE,0.74,FALSE,0.304,FALSE,0.35,FALSE,30,FALSE,2.11,FALSE,,,,,,,6.75,8.22,72.31,0.03,0.25,11,12.5
Brooks Lake,Brooks Lake,Outlet (S),Outlet Quad,surface,MJW-20-266-8,9/22/20,12:20,2020,September,0.05,TRUE,0.05,TRUE,0.23,FALSE,0.01,TRUE,0.02,FALSE,33,FALSE,11.5,FALSE,42.9,FALSE,1.57,FALSE,,,10.57,10.15,76.37,11.21,138.59,0.5,8
Brooks Lake,Brooks Lake,Outlet (B),Outlet Quad,bottom,MJW-20-266-10,9/22/20,13:00,2020,September,0.05,TRUE,0.05,TRUE,0.31,FALSE,0.03,FALSE,0.05,FALSE,33,FALSE,6.2,FALSE,,,,,,,9.53,8.45,70.67,4.53,53.43,7,8
Brooks Lake,Brooks Lake,Deepest (S),Deepest,surface,MJW-20-266-11,9/22/20,13:45,2020,September,0.05,TRUE,0.05,TRUE,0.29,FALSE,0.01,TRUE,0.02,FALSE,33,FALSE,14.5,FALSE,40.7,FALSE,1.54,FALSE,,,10.65,10.19,75.25,11.91,148.7,0.5,16
Brooks Lake,Brooks Lake,Deepest (B),Deepest,bottom,MJW-20-266-12,9/22/20,14:10,2020,September,0.75,FALSE,0.05,TRUE,0.96,FALSE,0.421,FALSE,0.44,FALSE,33,FALSE,2.18,FALSE,,,,,,,6.41,8.79,74.51,0,0,15,16
Brooks Lake,Brooks Lake,NW (S),NW Quad,surface,MJW-20-295-4,10/21/20,11:40,2020,October,0.05,TRUE,0.05,TRUE,0.28,FALSE,0.019,FALSE,0.06,FALSE,31,FALSE,4.67,FALSE,45.1,FALSE,1.5,FALSE,,,5.32,9.7,60.7,9.54,105.8,0.5,11
Brooks Lake,Brooks Lake,NW (B),NW Quad,bottom,MJW-20-295-5,10/21/20,12:10,2020,October,0.05,TRUE,0.05,TRUE,0.24,FALSE,0.02,FALSE,0.07,FALSE,32,FALSE,3.43,FALSE,,,,,,,5.08,10.51,60.76,9.09,100.14,10,11
Brooks Lake,Brooks Lake,Outlet (S),Outlet Quad,surface,MJW-20-295-8,10/21/20,12:35,2020,October,0.05,TRUE,0.05,TRUE,0.25,FALSE,0.019,FALSE,0.06,FALSE,32,FALSE,4.17,FALSE,40.6,FALSE,1.5,FALSE,,,5.43,9.56,60.51,10,111.3,0.5,10
Brooks Lake,Brooks Lake,Outlet (B),Outlet Quad,bottom,MJW-20-295-9,10/21/20,12:55,2020,October,0.05,TRUE,0.05,TRUE,0.22,FALSE,0.018,FALSE,0.06,FALSE,32,FALSE,3.67,FALSE,,,,,,,5.38,10.5,61.19,9.96,109.55,9,10
Brooks Lake,Brooks Lake,Deepest (S),Deepest,surface,MJW-20-295-10,10/21/20,10:45,2020,October,0.05,TRUE,0.05,TRUE,0.29,FALSE,0.05,FALSE,0.06,FALSE,32,FALSE,4.83,FALSE,62.4,FALSE,1.42,FALSE,,,5.27,9.12,60.8,9.58,106.09,0.5,16.5
Brooks Lake,Brooks Lake,Deepest (B),Deepest,bottom,MJW-20-295-11,10/21/20,11:20,2020,October,0.05,TRUE,0.05,TRUE,0.23,FALSE,0.023,FALSE,0.07,FALSE,32,FALSE,3.29,FALSE,,,,,,,5.12,11.09,61.3,8.25,90.95,15,16.5
Brooks Lake,Brooks Lake,SW (S),Lodge Quad,surface,TCE-09-196-1 ,7/15/09,9:27,2009,July,,,0.05,TRUE,0.106,FALSE,,,0.061,FALSE,,,1.74,FALSE,,,,,,,11.21,7.8,45.1,8.36,103.5,0.5,0.7
Brooks Lake,Brooks Lake,NW (S),Inlet Quad,surface,TCE-09-196-4 ,7/15/09,10:23,2009,July,,,0.05,TRUE,0.1,TRUE,,,0.057,FALSE,,,1.75,TRUE,,,2.9,FALSE,,,11.02,7.75,44.8,8.39,103.5,1,10
Brooks Lake,Brooks Lake,NW (B),Inlet Quad,bottom,TCE-09-196-5 ,7/15/09,10:27,2009,July,,,0.05,TRUE,0.161,FALSE,,,0.106,FALSE,,,1.52,FALSE,,,,,,,5.48,7.18,44.1,5.26,56.3,9,10
Brooks Lake,Brooks Lake,NE (S),Deep Quad,surface,TCE-09-196-7 ,7/15/09,11:14,2009,July,,,0.05,TRUE,0.1,TRUE,,,0.055,FALSE,,,1.82,TRUE,,,2.44,FALSE,,,11.27,7.78,44.7,8.38,104.1,1,13
Brooks Lake,Brooks Lake,NE (B),Deep Quad,bottom,TCE-09-196-8 ,7/15/09,11:22,2009,July,,,0.05,TRUE,0.246,FALSE,,,0.147,FALSE,,,1.67,FALSE,,,,,,,5.15,7.06,45,4.49,47.9,13,13
Brooks Lake,Brooks Lake,Outlet (S),Outlet Quad,surface,TCE-09-196-10 ,7/15/09,12:04,2009,July,,,0.05,TRUE,0.1,TRUE,,,0.054,FALSE,,,1.85,TRUE,,,2.13,FALSE,,,11.75,7.76,45,8.51,106.3,1,4
Brooks Lake,Brooks Lake,Outlet (B),Outlet Quad,bottom,TCE-09-196-11 ,7/15/09,12:10,2009,July,,,0.05,TRUE,0.1,TRUE,,,0.054,FALSE,,,1.85,TRUE,,,,,,,11.3,8.07,44.8,8.4,104.2,4,4
Brooks Lake,Brooks Lake,SW (S),Lodge Quad,surface,TCE-09-229-1 ,8/17/09,10:13,2009,August,,,0.05,TRUE,0.202,FALSE,,,0.061,FALSE,,,3.31,FALSE,,,,,,,12.41,8.96,55,9.25,118.8,0.5,0.8
Brooks Lake,Brooks Lake,NW (S),Inlet Quad,surface,TCE-09-229-3 ,8/17/09,11:15,2009,August,,,0.05,TRUE,0.1,FALSE,,,0.041,FALSE,,,2.44,FALSE,,,1.12,FALSE,,,12.27,9.07,55.2,9.09,115.7,0.5,9.6
Brooks Lake,Brooks Lake,NW (B),Inlet Quad,bottom,TCE-09-229-4 ,8/17/09,11:19,2009,August,,,0.05,TRUE,0.1,FALSE,,,0.088,FALSE,,,1.14,FALSE,,,,,,,7.6,7.73,48.3,3.16,35.6,8,9.6
Brooks Lake,Brooks Lake,NE (S),Deep Quad,surface,TCE-09-229-7 ,8/17/09,12:26,2009,August,,,0.05,TRUE,0.1,TRUE,,,0.027,FALSE,,,3.7,TRUE,,,1.32,FALSE,,,12.64,9.08,55.3,8.99,115.6,0.5,14
Brooks Lake,Brooks Lake,NE (B),Deep Quad,bottom,TCE-09-229-8 ,8/17/09,12:30,2009,August,,,0.18,FALSE,0.4,FALSE,,,0.233,FALSE,,,1.72,FALSE,,,,,,,5.59,6.5,51.2,0.26,2.8,13,14
Brooks Lake,Brooks Lake,Outlet (S),Outlet Quad,surface,TCE-09-229-9 ,8/17/09,12:50,2009,August,,,0.05,TRUE,0.1,TRUE,,,0.034,FALSE,,,2.94,TRUE,,,1.2,FALSE,,,13.21,9.18,55.3,9.27,120.6,0.5,3.2
Brooks Lake,Brooks Lake,Outlet (B),Outlet Quad,bottom,TCE-09-229-10 ,8/17/09,12:53,2009,August,,,0.05,TRUE,0.19,FALSE,,,0.047,FALSE,,,4.04,FALSE,,,,,,,13.1,9.28,55,9.37,121.6,3,3.2
Brooks Lake,Brooks Lake,SW (S),Lodge Quad,surface,CAR-09-264-2,9/21/09,11:19,2009,September,,,0.05,TRUE,0.213,FALSE,,,0.065,FALSE,33,FALSE,3.28,FALSE,,,,,,,11.34,8.98,61.1,8.77,108.7,0.5,0.7
Brooks Lake,Brooks Lake,NW (S),Inlet Quad,surface,CAR-09-264-4,9/21/09,11:50,2009,September,,,0.05,TRUE,0.117,FALSE,,,0.052,FALSE,33,FALSE,2.25,FALSE,,,3.5,FALSE,,,11.37,9.1,61.1,8.47,105.2,0.5,13
Brooks Lake,Brooks Lake,NW (B),Inlet Quad,bottom,CAR-09-264-5,9/21/09,11:46,2009,September,,,0.05,TRUE,0.481,FALSE,,,0.277,FALSE,30,FALSE,1.74,FALSE,,,,,,,6.29,6.5,60.2,0.25,2.8,13,13
Brooks Lake,Brooks Lake,NE (S),Deep Quad,surface,CAR-09-264-8,9/21/09,12:56,2009,September,,,0.05,TRUE,0.1,TRUE,,,0.054,FALSE,33,FALSE,1.85,TRUE,,,,,,,11.47,9.2,60.9,8.49,105.7,0.5,15
Brooks Lake,Brooks Lake,NE (B),Deep Quad,bottom,CAR-09-264-9,9/21/09,13:04,2009,September,,,0.05,TRUE,0.919,FALSE,,,0.398,FALSE,,,2.31,FALSE,,,,,,,6.03,6.29,61.8,0.26,2.8,15,15
Brooks Lake,Brooks Lake,Outlet (S),Outlet Quad,surface,CAR-09-264-10,9/21/09,13:20,2009,September,,,0.05,TRUE,0.147,FALSE,,,0.049,FALSE,33,FALSE,3,FALSE,,,3.6,FALSE,,,11.57,9.13,61.3,8.56,106.8,0.5,4.3
Brooks Lake,Brooks Lake,Outlet (B),Outlet Quad,bottom,CAR-09-264-11,9/21/09,13:24,2009,September,,,0.05,TRUE,0.145,FALSE,,,0.045,FALSE,,,3.22,FALSE,,,,,,,11.56,9.42,61.3,8.56,106.9,3.5,4.3
Brooks Lake,Brooks Lake,SW (S),Lodge Quad,surface,(TCE-11-206-1),7/25/11,11:25,2011,July,0.05,TRUE,0.01,TRUE,0.1,TRUE,,,0.086,FALSE,24,FALSE,1.16,TRUE,5.4,FALSE,,,,,13.66,7.54,49.4,9.03,118.7,0.5,0.5
Brooks Lake,Brooks Lake,Outlet (S),Outlet Quad,surface,(TCE-11-206-3),7/25/11,12:00,2011,July,0.05,TRUE,0.01,TRUE,0.1,TRUE,,,0.078,FALSE,26,FALSE,1.28,TRUE,5.6,FALSE,2.2,FALSE,,,11.38,7.86,46.4,9.22,114.2,0.5,7.3
Brooks Lake,Brooks Lake,Outlet (B),Outlet Quad,bottom,(TCE-11-206-4),7/25/11,12:13,2011,July,0.05,TRUE,0.01,TRUE,0.1,TRUE,,,0.073,FALSE,24,FALSE,1.37,TRUE,,,,,,,8.3,7.31,44.3,7.66,88.3,6.5,7.3
Brooks Lake,Brooks Lake,NE (S),Deep Quad,surface,(TCE-11-206-5),7/25/11,12:25,2011,July,0.05,TRUE,0.01,TRUE,0.1,TRUE,,,0.076,FALSE,26,FALSE,1.32,TRUE,3.6,FALSE,2.15,FALSE,,,13.7,7.99,48.2,9.05,118.3,0.5,12
Brooks Lake,Brooks Lake,NE (B),Deep Quad,bottom,(TCE-11-206-6),7/25/11,12:40,2011,July,0.1,FALSE,0.045,FALSE,0.1,TRUE,,,0.109,FALSE,25,FALSE,0.92,TRUE,,,,,,,5.2,6.85,45.4,4.85,51.7,11,12
Brooks Lake,Brooks Lake,NW (S),Inlet Quad,surface,(TCE-11-206-7),7/25/11,13:20,2011,July,0.05,TRUE,0.01,FALSE,0.1,TRUE,,,0.071,FALSE,30,FALSE,1.41,TRUE,4.2,FALSE,2.36,FALSE,,,13.42,7.77,52.4,8.96,116.3,0.5,7.5
Brooks Lake,Brooks Lake,NW (B),Inlet Quad,bottom,(TCE-11-206-8),7/25/11,13:29,2011,July,0.05,TRUE,0.01,TRUE,0.1,TRUE,,,0.074,FALSE,25,FALSE,1.35,TRUE,,,,,,,7.65,7.21,45,7.12,81.2,7.5,7.5
Brooks Lake,Brooks Lake,SW (S),Lodge Quad,surface,(TCE-11-249-1),9/6/11,11:00,2011,September,0.05,TRUE,0.01,TRUE,1.36,FALSE,,,0.05,FALSE,26,FALSE,27.2,FALSE,40,FALSE,,,,,12.51,9.4,63.6,10.79,137.7,0.5,1
Brooks Lake,Brooks Lake,NW (S),Inlet Quad,surface,(TCE-11-249-4),9/6/11,11:55,2011,September,0.05,TRUE,0.01,TRUE,0.435,FALSE,,,0.027,FALSE,29,FALSE,16.11,FALSE,28,FALSE,2.03,FALSE,,,12.44,9.26,62.8,10.28,130.9,0.5,7.5
Brooks Lake,Brooks Lake,NW (B),Inlet Quad,bottom,(TCE-11-249-5),9/6/11,12:10,2011,September,0.05,TRUE,0.01,TRUE,0.234,FALSE,,,0.053,FALSE,30,FALSE,4.42,FALSE,,,,,,,8.92,7.58,54.7,5.43,63.1,7,7.5
Brooks Lake,Brooks Lake,NE (S),Deep Quad,surface,(TCE-11-249-8),9/6/11,13:10,2011,September,0.05,TRUE,0.01,TRUE,0.856,FALSE,,,0.056,FALSE,28,FALSE,15.29,FALSE,32,FALSE,1.16,FALSE,,,12.86,9.5,63,10.9,140.3,0.5,13.7
Brooks Lake,Brooks Lake,NE (B),Deep Quad,bottom,(TCE-11-249-9),9/6/11,13:20,2011,September,0.17,FALSE,0.013,FALSE,0.354,FALSE,,,0.205,FALSE,33,FALSE,1.73,FALSE,,,,,,,5.56,6.5,52.3,0.14,1.5,13,13.7
Brooks Lake,Brooks Lake,Outlet (S),Outlet Quad,surface,(TCE-11-249-14),9/6/11,15:05,2011,September,0.05,TRUE,0.01,TRUE,0.33,FALSE,,,0.026,FALSE,28,FALSE,12.69,FALSE,17,FALSE,3.06,FALSE,,,12.28,9.35,62.4,10.07,128.3,0.5,3.7
Brooks Lake,Brooks Lake,Outlet (B),Outlet Quad,bottom,(TCE-11-249-15),9/6/11,15:11,2011,September,0.05,TRUE,0.01,TRUE,0.137,FALSE,,,0.027,FALSE,30,FALSE,5.07,FALSE,,,,,,,10.77,8.33,59.5,7.62,93.2,3.5,3.7
Brooks Lake,Brooks Lake,SW (S),Lodge Quad,surface,(MJW-11-236-1),9/20/11,11:10,2011,September,0.05,TRUE,0.01,TRUE,0.125,FALSE,,,0.049,FALSE,30,FALSE,2.55,FALSE,11,FALSE,,,,,10.4,8.34,61,9.07,110.8,0.5,0.8
Brooks Lake,Brooks Lake,NW (S),Inlet Quad,surface,(MJW-11-263-4),9/20/11,12:05,2011,September,0.05,TRUE,0.01,TRUE,0.15,FALSE,,,0.053,FALSE,33,FALSE,2.83,FALSE,14,FALSE,2.83,FALSE,,,10.01,9.06,61.3,9.04,109.6,0.5,7.5
Brooks Lake,Brooks Lake,NW (B),Inlet Quad,bottom,(MJW-11-263-5),9/20/11,12:17,2011,September,0.05,TRUE,0.01,TRUE,0.156,FALSE,,,0.065,FALSE,30,FALSE,2.4,FALSE,,,,,,,9.71,8.4,59,7.93,94,6,7.5
Brooks Lake,Brooks Lake,NE (S),Deep Quad,surface,(MJW-11-263-8),9/20/11,13:25,2011,September,0.05,TRUE,0.01,TRUE,0.1,TRUE,,,0.047,FALSE,30,FALSE,2.13,TRUE,13,FALSE,2.87,FALSE,,,10.41,9.04,61,9.06,110.8,0.5,13
Brooks Lake,Brooks Lake,NE (B),Deep Quad,bottom,(MJW-11-263-9),9/20/11,13:50,2011,September,0.19,FALSE,0.01,TRUE,0.397,FALSE,,,0.22,FALSE,29,FALSE,1.8,FALSE,,,,,,,5.99,6.16,55.1,0.14,1.6,13,13
Brooks Lake,Brooks Lake,Outlet (S),Outlet Quad,surface,(MJW-11-263-10),9/20/11,14:05,2011,September,0.05,TRUE,0.01,TRUE,0.1,TRUE,,,0.035,FALSE,29,FALSE,2.86,TRUE,7.3,FALSE,3.51,FALSE,,,10.92,9.05,61.6,9.08,112.2,0.5,3.5
Brooks Lake,Brooks Lake,Outlet (B),Outlet Quad,bottom,(MJW-11-263-11),9/20/11,14:15,2011,September,0.05,TRUE,0.01,TRUE,0.1,TRUE,,,0.038,FALSE,29,FALSE,2.63,TRUE,,,,,,,10.68,9.05,61.4,9.05,111.3,3,3.5
Brooks Lake,Brooks Lake,SW (S),Lodge Quad,surface,MJW-12-206-1,7/24/12,11:30,2012,July,,,0.05,FALSE,0.85,FALSE,,,0.04,FALSE,40,FALSE,21.25,FALSE,55,FALSE,0.6,TRUE,,,16.65,9.75,64.7,11.18,157,0.5,0.6
Brooks Lake,Brooks Lake,Outlet (S),Outlet Quad,surface,MJW-12-206-2S,7/24/12,11:55,2012,July,,,0.05,FALSE,1.85,FALSE,,,0.08,FALSE,35,FALSE,23.13,FALSE,180,FALSE,0.825,FALSE,,,17.06,9.87,68.5,12.4,175.8,0.5,4.5
Brooks Lake,Brooks Lake,Outlet (B),Outlet Quad,bottom,MJW-12-206-3B,7/24/12,12:10,2012,July,,,0.06,FALSE,0.95,FALSE,,,0.05,FALSE,35,FALSE,19,FALSE,,,,,,,13.27,8.94,58.7,9.53,124.5,4.5,4.5
Brooks Lake,Brooks Lake,NE (S),Deep Quad,surface,MJW-12-206-4S,7/24/12,12:25,2012,July,,,0.05,FALSE,1.8,FALSE,,,0.11,FALSE,40,FALSE,16.36,FALSE,310,FALSE,0.84,FALSE,,,17.19,9.93,68.7,12.46,177,0.5,14
Brooks Lake,Brooks Lake,NE (B),Deep Quad,bottom,MJW-12-206-5B,7/24/12,12:45,2012,July,,,0.09,FALSE,0.5,FALSE,,,0.3,FALSE,30,FALSE,1.67,FALSE,,,,,,,5.09,6.77,65.7,0.15,1.6,14,14
Brooks Lake,Brooks Lake,NW (S),Inlet Quad,surface,MJW-12-206-7S,7/24/12,13:45,2012,July,,,0.05,FALSE,0.85,FALSE,,,0.07,FALSE,40,FALSE,12.14,FALSE,74,FALSE,1.99,FALSE,,,16.7,9.63,64,11.5,162.4,0.5,6.5
Brooks Lake,Brooks Lake,NW (B),Inlet Quad,bottom,MJW-12-206-8B,7/24/12,13:53,2012,July,,,0.06,FALSE,0.5,FALSE,,,0.13,FALSE,35,FALSE,3.85,FALSE,,,,,,,7.81,8.04,54.7,5.12,58.1,6,6.5
Lower Jade Lake,Reference Lakes,Deepest,Deepest,surface,MJW-12-207-7,7/25/12,13:20,2012,July,,,0.05,TRUE,0.5,TRUE,,,0.05,FALSE,30,FALSE,10,TRUE,0.3,TRUE,10.1,FALSE,,,16.1,8.37,65.9,8.05,113.3,0.5,14.4
Lower Jade Lake,Reference Lakes,Deepest,Deepest,bottom,MJW-12-207-8,7/25/12,13:15,2012,July,,,0.05,TRUE,0.5,TRUE,,,0.18,FALSE,45,FALSE,2.78,TRUE,,,,,,,5.09,7.29,77.9,0.41,4.4,14,14.4
Upper Brooks Lake,Reference Lakes,Deepest,Deepest,surface,MJW-12-207-2,7/25/12,9:53,2012,July,,,0.05,FALSE,0.5,TRUE,,,0.08,FALSE,40,FALSE,6.25,TRUE,3.2,FALSE,4.75,TRUE,,,14.65,8.7,75.1,9.22,124.4,0.5,4.75
Upper Brooks Lake,Reference Lakes,Deepest,Deepest,bottom,MJW-12-207-3,7/25/12,9:51,2012,July,,,0.05,FALSE,0.5,TRUE,,,0.09,FALSE,35,FALSE,5.56,TRUE,,,,,,,13.04,8.61,74,9.84,127.6,4.5,4.75
Brooks Lake,Brooks Lake,SW (S),Lodge Quad,surface,MJW-12-233-3,8/21/12,12:45,2012,August,,,0.05,FALSE,0.5,FALSE,,,0.05,FALSE,30,FALSE,10,FALSE,12,FALSE,1.58,TRUE,,,15.79,9.64,61.9,8.33,115,0.5,1.58
Brooks Lake,Brooks Lake,NW (S),Inlet Quad,surface,MJW-12-233-6,8/21/12,13:34,2012,August,,,0.05,FALSE,0.5,FALSE,,,0.04,FALSE,40,FALSE,12.5,FALSE,12,FALSE,2.72,FALSE,,,15.82,9.45,62.4,8.39,116,0.5,8
Brooks Lake,Brooks Lake,NW (B),Inlet Quad,bottom,MJW-12-233-7,8/21/12,13:39,2012,August,,,0.05,FALSE,0.5,FALSE,,,0.07,FALSE,30,FALSE,7.14,FALSE,,,,,,,9.1,8.64,54.5,3.79,44.3,8,8
Brooks Lake,Brooks Lake,NE (S),Deep Quad,surface,MJW-12-233-10,8/21/12,14:29,2012,August,,,0.05,FALSE,0.5,FALSE,,,0.04,FALSE,30,FALSE,12.5,FALSE,32,FALSE,2.52,FALSE,,,16.36,9.52,62.2,8.53,119.3,0.5,14.1
Brooks Lake,Brooks Lake,NE (B),Deep Quad,bottom,MJW-12-233-11,8/21/12,14:37,2012,August,,,0.05,FALSE,0.6,FALSE,,,0.36,FALSE,30,FALSE,1.67,FALSE,,,,,,,5.49,7.72,68.3,0.17,1.9,14,14.1
Brooks Lake,Brooks Lake,Outlet (S),Outlet Quad,surface,MJW-12-233-12,8/21/12,15:05,2012,August,,,0.05,FALSE,0.5,FALSE,,,0.03,FALSE,30,FALSE,16.67,FALSE,42,FALSE,2.14,FALSE,,,16.82,9.54,62.6,8.59,121.3,0.5,3.7
Brooks Lake,Brooks Lake,Outlet (B),Outlet Quad,bottom,MJW-12-233-13,8/21/12,15:13,2012,August,,,0.05,FALSE,0.5,FALSE,,,0.03,FALSE,30,FALSE,16.67,FALSE,,,,,,,15.07,9.57,61.3,8.07,109.6,3.5,3.7
Lower Jade Lake,Reference Lakes,Deepest,Deepest,surface,MJW-12-234-7,8/22/12,15:10,2012,August,,,0.05,TRUE,0.5,TRUE,,,0.02,FALSE,40,FALSE,25,TRUE,0.2,TRUE,8.7,FALSE,,,15.54,8.67,67.6,8.56,118.2,0.5,14.5
Lower Jade Lake,Reference Lakes,Deepest,Deepest,bottom,MJW-12-234-8,8/22/12,15:05,2012,August,,,0.05,TRUE,0.5,TRUE,,,0.07,FALSE,40,FALSE,7.14,TRUE,,,,,,,6.5,7.57,75,2.4,26.7,14,14.5
Upper Brooks Lake,Reference Lakes,Deepest,Deepest,surface,MJW-12-234-2,8/22/12,11:10,2012,August,,,0.05,TRUE,0.5,TRUE,,,0.05,FALSE,40,FALSE,10,TRUE,5.4,FALSE,4.8,FALSE,,,14.07,9.32,78.9,9.27,9.27,0.5,5.1
Upper Brooks Lake,Reference Lakes,Deepest,Deepest,bottom,MJW-12-234-3,8/22/12,11:06,2012,August,,,0.05,TRUE,0.5,TRUE,,,0.06,FALSE,40,FALSE,8.33,TRUE,,,,,,,12.79,9.29,78.5,9.58,124.8,4.8,5.1
Brooks Lake,Brooks Lake,SW (S),Lodge Quad,surface,MJW-12-255-2,9/11/12,12:20,2012,September,,,0.05,FALSE,0.5,FALSE,,,0.07,FALSE,30,FALSE,7.14,FALSE,4.8,FALSE,2.83,TRUE,,,12.68,9.04,60.9,7.26,94.2,0.5,2.83
Brooks Lake,Brooks Lake,NW (S),Inlet Quad,surface,MJW-12-255-4,9/11/12,13:20,2012,September,,,0.05,FALSE,0.7,FALSE,,,0.07,FALSE,30,FALSE,10,FALSE,4.1,FALSE,5.13,FALSE,,,12.72,8.91,61.1,7.32,95,0.5,6.6
Brooks Lake,Brooks Lake,NW (B),Inlet Quad,bottom,MJW-12-255-5,9/11/12,13:37,2012,September,,,0.05,FALSE,0.5,FALSE,,,0.06,FALSE,30,FALSE,8.33,FALSE,,,,,,,12,8.8,61.2,6.7,84.5,6,6.6
Brooks Lake,Brooks Lake,NE (S),Deep Quad,surface,MJW-12-255-9,9/11/12,14:48,2012,September,,,0.05,FALSE,0.5,FALSE,,,0.05,FALSE,30,FALSE,10,FALSE,4.7,FALSE,5.38,FALSE,,,12.9,8.82,61.2,7.23,94.3,0.5,14.3
Brooks Lake,Brooks Lake,NE (B),Deep Quad,bottom,MJW-12-255-10,9/11/12,15:00,2012,September,,,0.05,FALSE,0.9,FALSE,,,0.4,FALSE,30,FALSE,2.25,FALSE,,,,,,,5.8,7.19,70.2,0.09,1,14,14.3
Brooks Lake,Brooks Lake,Outlet (S),Outlet Quad,surface,MJW-12-255-11,9/11/12,15:32,2012,September,,,0.05,FALSE,0.5,FALSE,,,0.05,FALSE,30,FALSE,10,FALSE,4.4,FALSE,4.14,FALSE,,,12.89,9.2,60.8,7.27,94.8,0.5,4.8
Brooks Lake,Brooks Lake,Outlet (B),Outlet Quad,bottom,MJW-12-255-12,9/11/12,15:35,2012,September,,,0.05,FALSE,0.5,FALSE,,,0.05,FALSE,30,FALSE,10,FALSE,,,,,,,12.88,9.22,60.7,7.19,93.8,4.5,4.8
Lower Jade Lake,Reference Lakes,Deepest,Deepest,surface,MJW-12-256-9,9/12/12,15:30,2012,September,,,0.05,TRUE,0.5,TRUE,,,0.02,FALSE,40,FALSE,25,TRUE,2,FALSE,10.75,FALSE,,,12.72,8.9,68.4,8.2,107.3,0.5,14.3
Lower Jade Lake,Reference Lakes,Deepest,Deepest,bottom,MJW-12-256-10,9/12/12,15:24,2012,September,,,0.05,TRUE,0.5,TRUE,,,0.08,FALSE,40,FALSE,6.25,TRUE,,,,,,,6.97,7.79,78,0.56,5.6,13.5,14.3
Upper Brooks Lake,Reference Lakes,Deepest,Deepest,surface,MJW-12-256-5,9/12/12,11:34,2012,September,,,0.05,TRUE,0.5,TRUE,,,0.08,FALSE,40,FALSE,6.25,TRUE,7,FALSE,5,TRUE,,,10.95,9.39,80.7,8.71,108.2,0.5,5
Upper Brooks Lake,Reference Lakes,Deepest,Deepest,bottom,MJW-12-256-6,9/12/12,11:30,2012,September,,,0.05,TRUE,0.5,TRUE,,,0.08,FALSE,50,FALSE,6.25,TRUE,,,,,,,10.27,9.41,79.9,8.86,108.7,4.8,5
Brooks Lake,Brooks Lake,Deepest (S),Deepest,surface,MJW-23-171-1,6/20/23,10:15,2023,June,0.05,TRUE,0.05,TRUE,0.5,FALSE,0.02,FALSE,0.1,FALSE,,,5,FALSE,29,FALSE,1.5,FALSE,,,7.9,7.57,47.25,9.35,111.17,0.5,16
Brooks Lake,Brooks Lake,Deepest (S),Deepest,surface,MJW-23-199-2,7/18/23,9:20,2023,July,0.05,TRUE,0.05,TRUE,0.3,FALSE,0.02,FALSE,0.04,FALSE,,,7.5,FALSE,2.66,FALSE,2.5,FALSE,,,15.8,8.5,55.4,8.43,117.9,0.5,16
Brooks Lake,Brooks Lake,Deepest (H),Deepest - 9m,hypolimnion,MJW-23-199-3,7/18/23,10:10,2023,July,,,,,0.4,FALSE,,,0.09,FALSE,,,4.44,FALSE,,,,,,,7.3,6.3,51.01,3.2,36.8,9,16
Brooks Lake,Brooks Lake,Deepest (H),Deepest - 11m,hypolimnion,MJW-23-199-4,7/18/23,10:15,2023,July,,,,,0.4,FALSE,,,0.1,FALSE,,,4,FALSE,,,,,,,6.7,6.1,51.33,2.19,24.72,11,16
Brooks Lake,Brooks Lake,Deepest (H),Deepest - 13m,hypolimnion,MJW-23-199-5,7/18/23,10:20,2023,July,,,,,0.3,FALSE,,,0.18,FALSE,,,1.67,FALSE,,,,,,,6.1,6,51.93,1.38,18.7,13,16
Brooks Lake,Brooks Lake,Deepest (H),Deepest - 15m,bottom,MJW-23-199-6,7/18/23,10:25,2023,July,,,,,0.8,FALSE,,,0.33,FALSE,,,2.42,FALSE,,,,,,,5.7,6,58.95,0,0,15,16
Upper Brooks Lake,Reference Lakes,Deepest,Deepest,surface,TCE-23-200-1,7/19/23,11:55,2023,July,0.05,TRUE,0.05,TRUE,0.2,FALSE,,,0.06,FALSE,,,3.33,FALSE,1.72,FALSE,5,TRUE,,,15.25,9.23,46.31,10.3,142.29,0.5,5
Rainbow Lake,Reference Lakes,Deepest,Deepest,surface,TCE-23-200-2,7/19/23,14:30,2023,July,0.05,TRUE,0.05,TRUE,0.5,FALSE,,,0.06,FALSE,,,8.33,FALSE,7.18,FALSE,2.23,FALSE,,,17.92,9.05,34.66,8.39,123.27,0.5,8
Upper Jade Lake,Reference Lakes,Deepest,Deepest,surface,MJW-23-200-1,7/19/23,12:20,2023,July,0.05,TRUE,0.05,TRUE,0.2,FALSE,,,0.04,FALSE,,,5,FALSE,2.36,FALSE,4.25,FALSE,,,14.67,9.03,77.48,8.73,120.97,0.5,7
Lower Jade Lake,Reference Lakes,Deepest,Deepest,surface,MJW-23-200-3,7/19/23,15:40,2023,July,0.05,TRUE,0.05,TRUE,0.2,FALSE,,,0.02,FALSE,,,10,FALSE,0.7,FALSE,8,FALSE,,,16.12,8.69,65.48,8.22,117,0.5,15
Brooks Lake,Brooks Lake,Deepest (S),Deepest,surface,MJW-23-234-3,8/22/23,9:35,2023,August,0.05,TRUE,0.05,TRUE,0.3,FALSE,0.01,TRUE,0.03,FALSE,,,10,FALSE,9.96,FALSE,1.93,FALSE,,,15.36,8.91,61.09,9.99,137.92,0.5,16
Brooks Lake,Brooks Lake,Deepest (H),Deepest - 9m,hypolimnion,MJW-23-234-5,8/22/23,10:30,2023,August,,,,,0.5,FALSE,,,0.29,FALSE,,,1.72,FALSE,,,,,,,7.64,8.3,58.15,0,0,9,16
Brooks Lake,Brooks Lake,Deepest (H),Deepest - 11m,hypolimnion,MJW-23-234-6,8/22/23,10:40,2023,August,,,,,0.5,FALSE,,,0.38,FALSE,,,1.32,FALSE,,,,,,,7.41,8.5,59.96,0,0,11,16
Brooks Lake,Brooks Lake,Deepest (H),Deepest - 13m,hypolimnion,MJW-23-234-7,8/22/23,10:40,2023,August,,,,,0.6,FALSE,,,0.48,FALSE,,,1.25,FALSE,,,,,,,7.64,8.42,62.39,0,0,13,16
Brooks Lake,Brooks Lake,Deepest (H),Deepest - 15m,bottom,MJW-23-234-8,8/22/23,10:45,2023,August,,,,,0.6,FALSE,,,0.5,FALSE,,,1.2,FALSE,,,,,,,7.78,8.12,67.09,0,0,15,16
Upper Brooks Lake,Reference Lakes,Deepest,Deepest,surface,TCE-23-235-1,8/23/23,12:15,2023,August,0.05,TRUE,0.05,TRUE,0.3,FALSE,,,0.07,FALSE,,,4.29,FALSE,4.16,FALSE,5,TRUE,,,14.22,9.24,75.38,9.22,124.5,0.5,5
Rainbow Lake,Reference Lakes,Deepest,Deepest,surface,TCE-23-235-2,8/23/23,14:20,2023,August,0.05,TRUE,0.05,TRUE,0.6,FALSE,,,0.04,FALSE,,,15,FALSE,26,FALSE,2.13,FALSE,,,16.17,10.27,71.95,10.71,151.47,0.5,8.2
Upper Jade Lake,Reference Lakes,Deepest,Deepest,surface,VES-23-235-2,8/23/23,12:10,2023,August,0.05,TRUE,0.05,TRUE,0.3,FALSE,,,0.05,FALSE,,,6,FALSE,1.79,FALSE,3.5,FALSE,,,14.64,8.63,77.96,8.18,113.51,0.5,7.2
Lower Jade Lake,Reference Lakes,Deepest,Deepest,surface,VES-23-235-3,8/23/23,14:55,2023,August,0.05,TRUE,0.05,TRUE,0.2,FALSE,,,0.02,FALSE,,,10,FALSE,0.59,FALSE,9.98,FALSE,,,15.64,8.97,67.31,8.61,121.41,0.5,15.2
Brooks Lake,Brooks Lake,Deepest (S),Deepest,surface,MJW-23-262-2,9/19/23,9:20,2023,September,0.05,TRUE,0.05,TRUE,0.4,FALSE,0.01,TRUE,0.03,FALSE,,,13.33,FALSE,18.7,FALSE,3.28,FALSE,2.185,FALSE,11.8,9.35,63.58,12.29,158.18,0.5,16.4
Brooks Lake,Brooks Lake,Deepest (H),Deepest - 10m,hypolimnion,MJW-23-262-3,9/19/23,10:20,2023,September,,,,,0.9,FALSE,,,0.39,FALSE,,,2.31,FALSE,,,,,,,7.72,6.15,64.39,0,0,10,16.4
Brooks Lake,Brooks Lake,Deepest (H),Deepest - 12m,hypolimnion,MJW-23-262-4,9/19/23,10:30,2023,September,,,,,0.9,FALSE,,,0.44,FALSE,,,2.05,FALSE,,,,,,,7.76,6.1,66.19,0,0,12,16.4
Brooks Lake,Brooks Lake,Deepest (H),Deepest - 14m,hypolimnion,MJW-23-262-5,9/19/23,10:35,2023,September,,,,,1.1,FALSE,,,0.48,FALSE,,,2.29,FALSE,,,,,,,7.8,6.1,68.17,0,0,14,16.4
Brooks Lake,Brooks Lake,Deepest (H),Deepest - 16m,bottom,MJW-23-262-6,9/19/23,10:40,2023,September,,,,,1.8,FALSE,,,0.62,FALSE,,,2.9,FALSE,,,,,,,7.86,6.07,71.71,0,0,16,16.4
Upper Brooks Lake,Reference Lakes,Deepest,Deepest,surface,TCE-23-263-1,9/20/23,11:15,2023,September,0.05,TRUE,0.05,TRUE,0.3,FALSE,,,0.08,FALSE,,,3.75,FALSE,10.7,FALSE,3.45,FALSE,,,10.77,9.04,78.77,10.42,131.54,0.5,4.9
Rainbow Lake,Reference Lakes,Deepest,Deepest,surface,TCE-23-263-2,9/20/23,13:40,2023,September,0.1,FALSE,0.05,TRUE,0.6,FALSE,,,0.09,FALSE,,,6.67,FALSE,29.9,FALSE,2.35,FALSE,,,12.72,9.32,60.05,8.18,109.07,0.5,7.5
Upper Jade Lake,Reference Lakes,Deepest,Deepest,surface,MJW-23-263-1,9/20/23,12:00,2023,September,0.05,TRUE,0.05,TRUE,0.2,FALSE,,,0.09,FALSE,,,2.22,FALSE,6.22,FALSE,2.2,FALSE,,,11.56,8.38,80.83,8.1,106,0.5,7.3
Lower Jade Lake,Reference Lakes,Deepest,Deepest,surface,MJW-23-263-2,9/20/23,14:40,2023,September,0.05,TRUE,0.05,TRUE,0.2,FALSE,,,0.03,FALSE,,,6.67,FALSE,1.91,FALSE,10.75,FALSE,,,12.65,9.06,69.52,8.43,112.72,0.5,14.9
Brooks Lake,Brooks Lake,Deepest (S),Deepest,surface,MJW-23-290-3,10/17/23,10:55,2023,October,0.26,FALSE,0.05,TRUE,0.7,FALSE,0.08,FALSE,0.16,FALSE,,,4.38,FALSE,9.82,FALSE,1.15,FALSE,2.689,FALSE,7.35,6.76,56.24,5.24,60.95,0.5,16
Brooks Lake,Brooks Lake,Deepest (H),Deepest - 8m,mixed,MJW-23-290-5,10/17/23,12:30,2023,October,,,,,0.6,FALSE,,,0.15,FALSE,,,4,FALSE,,,,,,,7.08,6.64,56.36,3.98,45.7,8,16
Brooks Lake,Brooks Lake,Deepest (H),Deepest - 16m,bottom,MJW-23-290-6,10/17/23,12:35,2023,October,,,,,0.6,FALSE,,,0.17,FALSE,,,3.53,FALSE,,,,,,,6.97,6.68,56.86,4.1,46.99,16,16
Upper Brooks Lake,Reference Lakes,Deepest,Deepest,surface,TCE-23-291-1,10/18/23,12:10,2023,October,0.05,TRUE,0.05,TRUE,0.4,FALSE,,,0.1,FALSE,,,4,FALSE,23.3,FALSE,3.1,FALSE,,,5.09,8.67,78.32,10.28,112.07,0.5,5.1
Rainbow Lake,Reference Lakes,Deepest,Deepest,surface,TCE-23-291-2,10/18/23,14:40,2023,October,0.11,FALSE,0.05,TRUE,0.7,FALSE,,,0.13,FALSE,,,5.38,FALSE,3.29,FALSE,1.5,FALSE,,,,,,,,0.5,8.3
Upper Jade Lake,Reference Lakes,Deepest,Deepest,surface,VES-23-291-1,10/18/23,12:00,2023,October,0.05,TRUE,0.05,TRUE,0.3,FALSE,,,0.12,FALSE,,,2.5,FALSE,8.77,FALSE,1.75,FALSE,,,5.67,7.8,81.24,8.3,93.1,0.5,7.2
Lower Jade Lake,Reference Lakes,Deepest,Deepest,surface,VES-23-291-2,10/18/23,14:00,2023,October,0.05,TRUE,0.05,TRUE,0.2,FALSE,,,0.05,FALSE,,,4,FALSE,1.71,FALSE,9.28,FALSE,,,7.8,8.41,70.19,8,94.33,0.5,14.9
Brooks Lake,Brooks Lake,Deepest (S),Deepest,surface,MJW-24-177-2,6/25/24,10:45,2024,June,0.05,TRUE,0.05,TRUE,0.3,FALSE,0.03,FALSE,0.07,FALSE,,,4.29,FALSE,10.4,FALSE,1.29,FALSE,1.767,FALSE,11.42,8.54,53.78,10.45,132.66,0.5,16.5
Brooks Lake,Brooks Lake,Deepest (H),Deepest - 4m,hypolimnion,MJW-24-177-4,6/25/24,9:25,2024,June,0.05,TRUE,0.05,TRUE,0.4,FALSE,,,0.09,FALSE,,,4.44,FALSE,,,,,,,10.69,8.42,53.07,10.2,127.61,4,16.5
Brooks Lake,Brooks Lake,Deepest (H),Deepest - 5m,hypolimnion,MJW-24-177-5,6/25/24,9:30,2024,June,0.05,TRUE,0.05,TRUE,0.4,FALSE,,,0.1,FALSE,,,4,FALSE,,,,,,,8.1,7.32,52.88,7.94,93.57,5,16.5
Brooks Lake,Brooks Lake,Deepest (H),Deepest - 7m,hypolimnion,MJW-24-177-6,6/25/24,9:40,2024,June,0.05,TRUE,0.05,TRUE,0.3,FALSE,,,0.09,FALSE,,,3.33,FALSE,,,,,,,6.85,6.91,53.81,6.45,73.22,7,16.5
Brooks Lake,Brooks Lake,Deepest (H),Deepest - 11m,hypolimnion,MJW-24-177-7,6/25/24,9:45,2024,June,0.21,FALSE,0.1,FALSE,0.6,FALSE,,,0.15,FALSE,,,4,FALSE,,,,,,,5.59,6.49,57.13,3.5,38.59,11,16.5
Brooks Lake,Brooks Lake,Deepest (H),Deepest - 15m,bottom,MJW-24-177-8,6/25/24,9:50,2024,June,0.32,FALSE,0.1,FALSE,0.7,FALSE,,,0.21,FALSE,,,3.33,FALSE,,,,,,,5.19,6.4,58.92,2.28,24.63,15,16.5
Brooks Lake,Brooks Lake,Deepest (S),Deepest,surface,MJW-24-205-2,7/23/24,9:25,2024,July,0.05,TRUE,0.05,TRUE,0.2,FALSE,0.02,FALSE,0.05,FALSE,,,4,FALSE,1.97,FALSE,2.95,FALSE,1.703,FALSE,16.31,9.07,58.29,7.86,110.87,0.5,17.4
Brooks Lake,Brooks Lake,Deepest (H),Deepest - 4m,hypolimnion,MJW-24-205-3,7/23/24,10:05,2024,July,0.05,TRUE,0.05,TRUE,0.3,FALSE,,,0.06,FALSE,,,5,FALSE,,,,,,,15.41,9.07,58.31,7.9,108.71,4,17.4
Brooks Lake,Brooks Lake,Deepest (H),Deepest - 7m,hypolimnion,MJW-24-205-4,7/23/24,10:10,2024,July,0.05,TRUE,0.05,TRUE,0.3,FALSE,,,0.1,FALSE,,,3,FALSE,23.7,FALSE,,,,,9.47,7.75,54.13,3.15,37.7,7,17.4
Brooks Lake,Brooks Lake,Deepest (H),Deepest - 10m,hypolimnion,MJW-24-205-5,7/23/24,10:15,2024,July,0.05,TRUE,0.05,TRUE,0.3,FALSE,,,0.16,FALSE,,,1.88,FALSE,,,,,,,6.69,7.03,54.32,0.35,3.93,10,17.4
Brooks Lake,Brooks Lake,Deepest (H),Deepest - 13m,hypolimnion,MJW-24-205-6,7/23/24,10:20,2024,July,0.21,FALSE,0.05,TRUE,0.5,FALSE,,,0.3,FALSE,,,1.67,FALSE,,,,,,,5.79,6.46,59.15,0,0,13,17.4
Brooks Lake,Brooks Lake,Deepest (H),Deepest - 16m,bottom,MJW-24-205-7,7/23/24,10:25,2024,July,0.59,FALSE,0.05,TRUE,0.9,FALSE,,,0.43,FALSE,,,2.09,FALSE,,,,,2.227,FALSE,5.51,6.3,66.53,0,0,16,17.4
Upper Brooks Lake,Reference Lakes,Deepest (S),Deepest,surface,TCE-24-206-2,7/24/24,11:15,2024,July,0.05,TRUE,0.05,TRUE,0.2,FALSE,0.06,FALSE,0.08,FALSE,,,2.5,FALSE,2.35,FALSE,5,TRUE,,,16.38,8.64,74.44,8.87,125.68,0.5,5
Upper Brooks Lake,Reference Lakes,Deepest (B),Deepest,bottom,TCE-24-206-3,7/24/24,11:40,2024,July,0.05,TRUE,0.05,FALSE,0.2,FALSE,0.06,FALSE,0.1,FALSE,,,2,FALSE,,,,,,,14.34,8.6,75.07,9.49,128.12,4,5
Rainbow Lake,Reference Lakes,Deepest (S),Deepest,surface,TCE-24-206-4,7/24/24,14:20,2024,July,0.05,TRUE,0.05,TRUE,0.4,FALSE,0.02,FALSE,0.05,FALSE,,,8,FALSE,16.4,FALSE,2.5,FALSE,,,19.17,9.9,58.61,9.91,149.29,0.5,7.4
Rainbow Lake,Reference Lakes,Deepest (B),Deepest,bottom,TCE-24-206-5,7/24/24,14:35,2024,July,0.05,TRUE,0.05,TRUE,1.4,FALSE,0.22,FALSE,0.41,FALSE,,,3.41,FALSE,,,,,,,10.18,7.83,64.91,0.61,7.57,6.4,7.4
Upper Jade Lake,Reference Lakes,Deepest (S),Deepest,surface,MJW-24-206-1,7/24/24,10:30,2024,July,0.05,TRUE,0.05,TRUE,0.1,TRUE,0.02,FALSE,0.04,FALSE,,,2.5,TRUE,0.91,FALSE,7.2,TRUE,,,15.28,8.61,73.04,8.84,123.59,0.5,7.2
Upper Jade Lake,Reference Lakes,Deepest (B),Deepest,bottom,MJW-24-206-3,7/24/24,10:55,2024,July,0.08,FALSE,0.05,TRUE,0.5,FALSE,0.1,FALSE,0.17,FALSE,,,2.94,FALSE,,,,,,,8.23,6.34,104.6,2.91,34.15,6.5,7.2
Lower Jade Lake,Reference Lakes,Deepest (S),Deepest,surface,MJW-24-206-4,7/24/24,13:50,2024,July,0.05,TRUE,0.05,TRUE,0.1,FALSE,0.01,FALSE,0.03,FALSE,,,3.33,FALSE,1.23,FALSE,8.23,FALSE,,,16.67,8.42,61.61,8.54,123.02,0.5,14.9
Lower Jade Lake,Reference Lakes,Deepest (B),Deepest,bottom,MJW-24-206-5,7/24/24,14:20,2024,July,0.05,TRUE,0.05,TRUE,0.4,FALSE,0.05,FALSE,0.14,FALSE,,,2.86,FALSE,,,,,,,5.73,6.61,71.26,0.17,1.84,14,14.9
Brooks Lake,Brooks Lake,Deepest (S),Deepest,surface,MJW-24-233-2,8/20/24,9:00,2024,August,0.05,TRUE,0.05,TRUE,0.3,FALSE,0.02,FALSE,0.05,FALSE,,,6,FALSE,4.6,FALSE,5.58,FALSE,1.44,FALSE,15.48,8.62,61.52,7.37,102.08,0.5,17.3
Brooks Lake,Brooks Lake,Deepest (H),Deepest - 4m,hypolimnion,MJW-24-233-3,8/20/24,9:45,2024,August,0.05,FALSE,0.05,TRUE,0.3,FALSE,,,0.04,FALSE,,,7.5,FALSE,,,,,,,14.58,8.41,61.36,6.75,91.14,4,17.3
Brooks Lake,Brooks Lake,Deepest (H),Deepest - 8m,hypolimnion,MJW-24-233-4,8/20/24,9:50,2024,August,0.05,TRUE,0.05,TRUE,0.3,FALSE,,,0.14,FALSE,,,2.14,FALSE,17,FALSE,,,,,9.28,6.49,55.34,0.15,1.24,8,17.3
Brooks Lake,Brooks Lake,Deepest (H),Deepest - 10m,hypolimnion,MJW-24-233-5,8/20/24,10:15,2024,August,0.21,FALSE,0.05,TRUE,0.4,FALSE,,,0.25,FALSE,,,1.6,FALSE,,,,,,,7.45,6.3,57.57,0,0,10,17.3
Brooks Lake,Brooks Lake,Deepest (H),Deepest - 13m,hypolimnion,MJW-24-233-6,8/20/24,10:20,2024,August,0.54,FALSE,0.05,TRUE,0.8,FALSE,,,0.41,FALSE,,,1.95,FALSE,,,,,,,6.17,6.24,62.45,0,0,13,17.3
Brooks Lake,Brooks Lake,Deepest (H),Deepest - 16m,bottom,MJW-24-233-7,8/20/24,10:25,2024,August,1.19,FALSE,0.05,TRUE,1.4,FALSE,,,0.62,FALSE,,,2.26,FALSE,,,,,2.8,FALSE,5.64,6.18,71.19,0,0,16,17.3
Upper Brooks Lake,Reference Lakes,Deepest (S),Deepest,surface,MJW-24-234-1,8/21/24,11:45,2024,August,0.05,TRUE,0.05,TRUE,0.4,FALSE,0.05,FALSE,0.1,FALSE,,,4,FALSE,9.5,FALSE,4.72,TRUE,,,14.27,9.11,76.3,9.08,123.37,0.5,5
Upper Brooks Lake,Reference Lakes,Deepest (B),Deepest,bottom,MJW-24-234-2,8/21/24,12:00,2024,August,0.05,TRUE,0.05,TRUE,0.5,FALSE,0.06,FALSE,0.13,FALSE,,,3.85,FALSE,,,,,,,12.89,8.78,77.13,7.93,104.59,4.5,5
Rainbow Lake,Reference Lakes,Deepest (S),Deepest,surface,MJW-24-234-3,8/21/24,14:15,2024,August,0.05,TRUE,0.05,TRUE,1,FALSE,0.01,TRUE,0.07,FALSE,,,14.3,FALSE,75,FALSE,1.13,FALSE,,,16,10.56,80.38,13.16,187.06,0.5,8.5
Rainbow Lake,Reference Lakes,Deepest (B),Deepest,bottom,MJW-24-234-5,8/21/24,14:25,2024,August,6.55,FALSE,0.05,TRUE,8.2,FALSE,2.3,FALSE,2.7,FALSE,,,3.04,FALSE,,,,,,,6.31,6.16,161.43,0,0,8,8.5
Upper Jade Lake,Reference Lakes,Deepest (S),Deepest,surface,TCE-24-234-2,8/21/24,10:30,2024,August,0.05,TRUE,0.05,TRUE,0.2,FALSE,0.05,FALSE,0.08,FALSE,,,2.5,FALSE,2.7,FALSE,7.2,TRUE,,,14.93,8.62,77.62,7.94,111.3,0.5,7.2
Upper Jade Lake,Reference Lakes,Deepest (B),Deepest,bottom,TCE-24-234-3,8/21/24,10:45,2024,August,0.1,FALSE,0.05,TRUE,0.4,FALSE,0.11,FALSE,0.16,FALSE,,,2.5,FALSE,,,,,,,13.02,9.44,86.33,2.93,38.18,6,7.2
Lower Jade Lake,Reference Lakes,Deepest (S),Deepest,surface,TCE-24-234-4,8/21/24,13:10,2024,August,0.05,TRUE,0.05,TRUE,0.2,FALSE,0.01,TRUE,0.02,FALSE,,,10,FALSE,1.6,FALSE,10.25,FALSE,,,15.5,9.41,65.38,8.69,122.73,0.5,14.5
Lower Jade Lake,Reference Lakes,Deepest (B),Deepest,bottom,TCE-24-234-5,8/21/24,13:25,2024,August,0.13,FALSE,0.05,TRUE,0.5,FALSE,0.1,FALSE,0.16,FALSE,,,3.13,FALSE,,,,,,,7.17,11.46,71.86,3.08,34.41,13,14.5
Brooks Lake,Brooks Lake,Deepest (S),Deepest,surface,MJW-24-268-1,9/24/24,10:30,2024,September,0.05,TRUE,0.05,TRUE,0.3,FALSE,0.04,FALSE,0.06,FALSE,,,5,FALSE,7,FALSE,3.53,FALSE,,,10.34,7.74,61.2,7.27,89.95,0.5,17.3
Brooks Lake,Brooks Lake,Deepest (H),Deepest - 8m,hypolimnion,MJW-24-268-3,9/24/24,10:55,2024,September,0.05,TRUE,0.05,TRUE,0.3,FALSE,,,0.07,FALSE,,,4.29,FALSE,,,,,,,10.29,7.32,60.95,7.3,90.29,8,17.3
Brooks Lake,Brooks Lake,Deepest (H),Deepest - 10m,hypolimnion,MJW-24-268-4,9/24/24,11:00,2024,September,0.24,FALSE,0.05,TRUE,0.5,FALSE,,,0.22,FALSE,,,2.27,FALSE,,,,,,,9.13,6.65,60.93,4.18,50.1,10,17.3
Brooks Lake,Brooks Lake,Deepest (H),Deepest - 12m,hypolimnion,MJW-24-268-5,9/24/24,11:05,2024,September,0.89,FALSE,0.05,TRUE,1.3,FALSE,,,0.55,FALSE,,,2.36,FALSE,,,,,,,6.46,6.32,67.68,0,0,12,17.3
Brooks Lake,Brooks Lake,Deepest (H),Deepest - 14m,hypolimnion,MJW-24-268-6,9/24/24,11:10,2024,September,1.28,FALSE,0.05,TRUE,1.6,FALSE,,,0.65,FALSE,,,2.46,FALSE,,,,,,,6.18,6.27,71.58,0,0,14,17.3
Brooks Lake,Brooks Lake,Deepest (H),Deepest - 16m,bottom,MJW-24-268-7,9/24/24,11:15,2024,September,1.37,FALSE,0.05,TRUE,1.8,FALSE,,,0.71,FALSE,,,2.54,FALSE,,,,,3.327,FALSE,6.07,6.17,74.31,0,0,16,17.3
Upper Brooks Lake,Reference Lakes,Deepest (S),Deepest,surface,TCE-24-269-1,9/25/24,10:40,2024,September,0.05,TRUE,0.05,TRUE,0.6,FALSE,,,0.11,FALSE,,,5.45,FALSE,19,FALSE,3.03,FALSE,,,9.93,8.12,75.33,8.44,103.58,0.5,5
Upper Brooks Lake,Reference Lakes,Deepest (B),Deepest,bottom,TCE-24-269-2,9/25/24,10:45,2024,September,0.05,FALSE,0.05,TRUE,0.5,FALSE,,,0.11,FALSE,,,4.55,FALSE,,,,,,,9.2,7.68,76.25,7.22,86.52,4,5
Rainbow Lake,Reference Lakes,Deepest (S),Deepest,surface,TCE-24-269-3,9/25/24,13:10,2024,September,0.24,FALSE,0.05,TRUE,0.8,FALSE,,,0.13,FALSE,,,6.15,FALSE,34,FALSE,2.25,FALSE,,,11.56,9.16,54.96,6.07,79.34,0.5,7.6
Rainbow Lake,Reference Lakes,Deepest (B),Deepest,bottom,TCE-24-269-4,9/25/24,13:20,2024,September,0.42,FALSE,0.05,TRUE,1.1,FALSE,,,0.17,FALSE,,,6.47,FALSE,,,,,,,10.4,7.81,58.35,1.73,21.48,6.5,7.6
Upper Jade Lake,Reference Lakes,Deepest (S),Deepest,surface,MJW-24-269-1,9/25/24,10:35,2024,September,0.05,TRUE,0.05,TRUE,0.3,FALSE,,,0.11,FALSE,,,2.73,FALSE,5.6,FALSE,4.8,FALSE,,,10.31,7.93,72.8,7.31,92.15,0.5,7.1
Upper Jade Lake,Reference Lakes,Deepest (B),Deepest,bottom,MJW-24-269-2,9/25/24,10:40,2024,September,0.05,TRUE,0.05,TRUE,0.4,FALSE,,,0.12,FALSE,,,3.33,FALSE,,,,,,,9.7,7.28,72.87,6.77,84.18,6.5,7.1
Lower Jade Lake,Reference Lakes,Deepest (S),Deepest,surface,MJW-24-269-3,9/25/24,13:03,2024,September,0.05,TRUE,0.05,TRUE,0.2,FALSE,,,0.03,FALSE,,,6.67,FALSE,2.3,FALSE,11.73,FALSE,,,11.32,9.26,62.77,8.03,103.03,0.5,14.2
Lower Jade Lake,Reference Lakes,Deepest (B),Deepest,bottom,MJW-24-269-4,9/25/24,13:10,2024,September,0.14,FALSE,0.05,TRUE,0.6,FALSE,,,0.43,FALSE,,,1.4,FALSE,,,,,,,7.66,6.42,76.21,0.02,0.3,13.5,14.2
Brooks Lake,Brooks Lake,Deepest (S),Deepest,surface,MJW-24-289-2,10/15/24,9:35,2024,October,0.05,TRUE,0.05,TRUE,0.4,FALSE,0.06,FALSE,0.09,FALSE,,,4.44,FALSE,18,FALSE,2.75,FALSE,2.072,FALSE,8.92,7.58,61.15,7.43,87.6,0.5,17
Brooks Lake,Brooks Lake,Deepest (H),Deepest - 8m,hypolimnion,MJW-24-289-4,10/15/24,10:20,2024,October,0.05,TRUE,0.05,TRUE,0.3,FALSE,,,0.12,FALSE,,,2.5,FALSE,,,,,,,8.78,6.97,60.75,5.02,59.51,8,17
Brooks Lake,Brooks Lake,Deepest (H),Deepest - 10m,hypolimnion,MJW-24-289-5,10/15/24,10:30,2024,October,0.05,TRUE,0.05,TRUE,0.3,FALSE,,,0.14,FALSE,,,2.14,FALSE,,,,,,,8.63,6.82,60.73,1.95,22.75,10,17
Brooks Lake,Brooks Lake,Deepest (H),Deepest - 13m,hypolimnion,MJW-24-289-6,10/15/24,10:35,2024,October,0.24,FALSE,0.05,TRUE,0.5,FALSE,,,0.23,FALSE,,,2.17,FALSE,,,,,,,8.43,6.83,62,0.51,5.35,13,17
Brooks Lake,Brooks Lake,Deepest (H),Deepest - 16m,bottom,MJW-24-289-7,10/15/24,10:40,2024,October,1.17,FALSE,0.05,TRUE,1.5,FALSE,,,0.74,FALSE,,,2.03,FALSE,,,,,3.366,FALSE,7.21,6.9,76.22,0,0,16,17
Upper Brooks Lake,Reference Lakes,Deepest (S),Deepest,surface,RNP-24-290-1,10/16/24,11:00,2024,October,0.05,TRUE,0.05,TRUE,0.5,FALSE,,,0.1,FALSE,,,5,FALSE,33,FALSE,1.25,FALSE,,,7.17,9.36,58.41,11.44,132.03,0.5,4.9
Upper Brooks Lake,Reference Lakes,Deepest (B),Deepest,bottom,RNP-24-290-2,10/16/24,11:07,2024,October,0.05,TRUE,0.05,TRUE,0.5,FALSE,,,0.11,FALSE,,,4.55,FALSE,,,,,,,6.86,8.44,58.14,11.43,131.42,4,4.9
Rainbow Lake,Reference Lakes,Deepest (S),Deepest,surface,RNP-24-290-3,10/16/24,13:40,2024,October,0.3,FALSE,0.06,FALSE,0.9,FALSE,,,0.13,FALSE,,,6.92,FALSE,29,FALSE,1.75,FALSE,,,9.22,9.08,43.49,7.73,94.66,0.5,8.4
Rainbow Lake,Reference Lakes,Deepest (B),Deepest,bottom,RNP-24-290-4,10/16/24,13:45,2024,October,0.33,FALSE,0.06,FALSE,1,FALSE,,,0.16,FALSE,,,6.25,FALSE,,,,,,,8.83,9.08,43.28,,,7.4,8.4
Upper Jade Lake,Reference Lakes,Deepest (S),Deepest,surface,MJW-24-290-1,10/16/24,10:30,2024,October,0.05,TRUE,0.05,TRUE,0.3,FALSE,,,0.09,FALSE,,,3.33,FALSE,5.3,FALSE,4.58,FALSE,,,8.1,7.67,76.41,6.81,81.75,0.5,7.2
Upper Jade Lake,Reference Lakes,Deepest (B),Deepest,bottom,MJW-24-290-2,10/16/24,10:45,2024,October,0.05,TRUE,0.05,TRUE,0.3,FALSE,,,0.11,FALSE,,,2.73,FALSE,,,,,,,7.92,7.41,76.52,6.74,80.64,6.5,7.2
Lower Jade Lake,Reference Lakes,Deepest (S),Deepest,surface,MJW-24-290-3,10/16/24,12:45,2024,October,0.05,TRUE,0.05,TRUE,0.2,FALSE,,,0.04,FALSE,,,5,FALSE,2.8,FALSE,11.3,FALSE,,,9.56,8.46,65.03,7.71,95.79,0.5,14
Lower Jade Lake,Reference Lakes,Deepest (B),Deepest,bottom,MJW-24-290-4,10/16/24,13:00,2024,October,0.05,TRUE,0.05,TRUE,0.3,FALSE,,,0.04,FALSE,,,7.5,FALSE,,,,,,,8.89,8.44,65.41,7.78,95.06,13,14